{
    "meta": {
        "count": 4,
        "links": {
            "self": "https://test.api.amadeus.com/v1/reference-data/locations/airports?latitude=22.6987&longitude=73.1143&radius=200"
        }
    },
    "data": [
        {
            "type": "location",
            "subType": "AIRPORT",
            "name": "S.VALLABHBHAI PATEL",
            "detailedName": "AHMEDABAD/GJ/IN:S.VALLABHBHAI",
            "timeZoneOffset": "+05:30",
            "iataCode": "AMD",
            "geoCode": {
                "latitude": 23.07723,
                "longitude": 72.63473
            },
            "address": {
                "cityName": "AHMEDABAD",
                "cityCode": "AMD",
                "countryName": "INDIA",
                "countryCode": "IN",
                "stateCode": "GJ",
                "regionCode": "ASIA"
            },
            "distance": {
                "value": 64,
                "unit": "KM"
            },
            "analytics": {
                "flights": {
                    "score": 5
                },
                "travelers": {
                    "score": 4
                }
            },
            "relevance": 7.09993
        },
        {
            "type": "location",
            "subType": "AIRPORT",
            "name": "VADODARA",
            "detailedName": "VADODARA/GJ/IN",
            "timeZoneOffset": "+05:30",
            "iataCode": "BDQ",
            "geoCode": {
                "latitude": 22.33612,
                "longitude": 73.22639
            },
            "address": {
                "cityName": "VADODARA",
                "cityCode": "BDQ",
                "countryName": "INDIA",
                "countryCode": "IN",
                "stateCode": "GJ",
                "regionCode": "ASIA"
            },
            "distance": {
                "value": 41,
                "unit": "KM"
            },
            "analytics": {
                "flights": {
                    "score": 1
                },
                "travelers": {
                    "score": 1
                }
            },
            "relevance": 2.50800
        },
        {
            "type": "location",
            "subType": "AIRPORT",
            "name": "SURAT",
            "detailedName": "SURAT/GJ/IN",
            "timeZoneOffset": "+05:30",
            "iataCode": "STV",
            "geoCode": {
                "latitude": 21.11417,
                "longitude": 72.74167
            },
            "address": {
                "cityName": "SURAT",
                "cityCode": "STV",
                "countryName": "INDIA",
                "countryCode": "IN",
                "stateCode": "GJ",
                "regionCode": "ASIA"
            },
            "distance": {
                "value": 180,
                "unit": "KM"
            },
            "analytics": {
                "flights": {
                    "score": 1
                },
                "travelers": {
                    "score": 0
                }
            },
            "relevance": 0.31238
        },
        {
            "type": "location",
            "subType": "AIRPORT",
            "name": "BHAVNAGAR",
            "detailedName": "BHAVNAGAR/GJ/IN",
            "timeZoneOffset": "+05:30",
            "iataCode": "BHU",
            "geoCode": {
                "latitude": 21.75223,
                "longitude": 72.18528
            },
            "address": {
                "cityName": "BHAVNAGAR",
                "cityCode": "BHU",
                "countryName": "INDIA",
                "countryCode": "IN",
                "stateCode": "GJ",
                "regionCode": "ASIA"
            },
            "distance": {
                "value": 142,
                "unit": "KM"
            },
            "analytics": {
                "flights": {
                    "score": 0
                },
                "travelers": {
                    "score": 0
                }
            },
            "relevance": 0.29712
        }
    ]
}